{"cameraMode":{"drawMode":0,"name":"Shaded","section":"Shading Mode"},"sceneLighting":false,"audioPlay":false,"sceneViewState":{"m_AlwaysRefresh":false,"showFog":true,"showSkybox":false,"showFlares":true,"showImageEffects":true,"showParticleSystems":true,"showVisualEffectGraphs":true,"m_FxEnabled":false},"in2DMode":false,"pivot":{"x":6.130000114440918,"y":1.4938856363296509,"z":0.4040999412536621},"rotation":{"x":-0.12418147921562195,"y":0.15237128734588624,"z":-0.01928228698670864,"w":-0.9803195595741272},"size":1.5198802947998047,"orthographic":false}